,07_ADOSC,07_CCI,07_FASTD,07_RSI,07_WILLR,07_CMO,07_MOM,07_ROC,07_MACD,07_PPO,07_BBH,07_BBL,07_RETURN,07_MA,07_EMA,07_WMA,10_ADOSC,10_CCI,10_FASTD,10_RSI,10_WILLR,10_CMO,10_MOM,10_ROC,10_MACD,10_PPO,10_BBH,10_BBL,10_RETURN,10_MA,10_EMA,10_WMA,13_ADOSC,13_CCI,13_FASTD,13_RSI,13_WILLR,13_CMO,13_MOM,13_ROC,13_MACD,13_PPO,13_BBH,13_BBL,13_RETURN,13_MA,13_EMA,13_WMA,16_ADOSC,16_CCI,16_FASTD,16_RSI,16_WILLR,16_CMO,16_MOM,16_ROC,16_MACD,16_PPO,16_BBH,16_BBL,16_RETURN,16_MA,16_EMA,16_WMA,19_ADOSC,19_CCI,19_FASTD,19_RSI,19_WILLR,19_CMO,19_MOM,19_ROC,19_MACD,19_PPO,19_BBH,19_BBL,19_RETURN,19_MA,19_EMA,19_WMA,22_ADOSC,22_CCI,22_FASTD,22_RSI,22_WILLR,22_CMO,22_MOM,22_ROC,22_MACD,22_PPO,22_BBH,22_BBL,22_RETURN,22_MA,22_EMA,22_WMA,25_ADOSC,25_CCI,25_FASTD,25_RSI,25_WILLR,25_CMO,25_MOM,25_ROC,25_MACD,25_PPO,25_BBH,25_BBL,25_RETURN,25_MA,25_EMA,25_WMA,28_ADOSC,28_CCI,28_FASTD,28_RSI,28_WILLR,28_CMO,28_MOM,28_ROC,28_MACD,28_PPO,28_BBH,28_BBL,28_RETURN,28_MA,28_EMA,28_WMA,31_ADOSC,31_CCI,31_FASTD,31_RSI,31_WILLR,31_CMO,31_MOM,31_ROC,31_MACD,31_PPO,31_BBH,31_BBL,31_RETURN,31_MA,31_EMA,31_WMA,34_ADOSC,34_CCI,34_FASTD,34_RSI,34_WILLR,34_CMO,34_MOM,34_ROC,34_MACD,34_PPO,34_BBH,34_BBL,34_RETURN,34_MA,34_EMA,34_WMA,37_ADOSC,37_CCI,37_FASTD,37_RSI,37_WILLR,37_CMO,37_MOM,37_ROC,37_MACD,37_PPO,37_BBH,37_BBL,37_RETURN,37_MA,37_EMA,37_WMA,40_ADOSC,40_CCI,40_FASTD,40_RSI,40_WILLR,40_CMO,40_MOM,40_ROC,40_MACD,40_PPO,40_BBH,40_BBL,40_RETURN,40_MA,40_EMA,40_WMA,43_ADOSC,43_CCI,43_FASTD,43_RSI,43_WILLR,43_CMO,43_MOM,43_ROC,43_MACD,43_PPO,43_BBH,43_BBL,43_RETURN,43_MA,43_EMA,43_WMA,46_ADOSC,46_CCI,46_FASTD,46_RSI,46_WILLR,46_CMO,46_MOM,46_ROC,46_MACD,46_PPO,46_BBH,46_BBL,46_RETURN,46_MA,46_EMA,46_WMA,49_ADOSC,49_CCI,49_FASTD,49_RSI,49_WILLR,49_CMO,49_MOM,49_ROC,49_MACD,49_PPO,49_BBH,49_BBL,49_RETURN,49_MA,49_EMA,49_WMA,52_ADOSC,52_CCI,52_FASTD,52_RSI,52_WILLR,52_CMO,52_MOM,52_ROC,52_MACD,52_PPO,52_BBH,52_BBL,52_RETURN,52_MA,52_EMA,52_WMA,count
2021-01-04,0.230545521,0.238373622,0.202967957,0.149654165,0.178161353,0.265524268,0.306863129,0.265794009,0.258152694,0.342820883,0.348300308,0.330632508,0.365308881,0.282948256,0.22397393,0.199187055,0.187472641,0.212346524,0.196885541,0.135120153,0.146875247,0.210599571,0.22503373,0.225812703,0.229698345,0.357680678,0.345463485,0.31105721,0.325987875,0.262954593,0.218960971,0.193574592,0.223414958,0.209659114,0.204537585,0.146728486,0.145214617,0.178327948,0.17702432,0.181586787,0.209084451,0.346968293,0.336370915,0.295820057,0.318369538,0.270203292,0.245620996,0.213517591,0.272549748,0.215788618,0.216829255,0.178761616,0.175612658,0.17359665,0.178582355,0.157822505,0.182079643,0.327429175,0.311135709,0.271390051,0.340448827,0.285149932,0.240640506,0.196053371,0.314863831,0.216224849,0.207690895,0.186789975,0.212183058,0.174336597,0.181691229,0.178923011,0.202083051,0.343965292,0.307037711,0.256021291,0.326219201,0.248628959,0.200375527,0.163472563,0.326325238,0.217851341,0.196850762,0.160369217,0.179166868,0.171424687,0.178919092,0.188595578,0.218759656,0.366071522,0.306264758,0.226205587,0.268103272,0.207040608,0.187008053,0.145671204,0.330058753,0.222153962,0.187026262,0.13082695,0.145877227,0.180458665,0.195235446,0.199247494,0.196876451,0.358597726,0.295884192,0.215159997,0.24611184,0.20260717,0.192961901,0.135490283,0.334798694,0.225634843,0.174173146,0.103842273,0.105733655,0.150939643,0.189087376,0.214288279,0.178632319,0.335511327,0.274837881,0.200092524,0.220482111,0.19067885,0.209430158,0.146360591,0.351551622,0.226295024,0.16269654,0.094766945,0.091563374,0.123213597,0.159206912,0.186420366,0.149709359,0.310065269,0.252200663,0.188958749,0.224708796,0.174683034,0.158818021,0.108062916,0.366897255,0.228882447,0.167872056,0.114400573,0.093534134,0.103220768,0.127866805,0.155298412,0.132258266,0.301458031,0.246018305,0.210394695,0.26467073,0.17516686,0.128310472,0.078086093,0.389103442,0.234803602,0.166233361,0.120086685,0.102260418,0.110840842,0.128830582,0.154086009,0.150009409,0.313202888,0.25098142,0.224440157,0.303249031,0.189281091,0.118630499,0.069361664,0.40750134,0.243003815,0.160851642,0.110480584,0.113155417,0.145537153,0.161692798,0.149325848,0.157084003,0.317329764,0.253916949,0.234312221,0.341347605,0.211386636,0.112781562,0.073772833,0.410814077,0.249315023,0.16457361,0.113497853,0.119605452,0.174198017,0.203214541,0.164161697,0.167015105,0.313176036,0.256819427,0.252801716,0.359271437,0.252538949,0.159630165,0.097785585,0.419570774,0.255198777,0.176009044,0.136959508,0.125093147,0.190927595,0.239938259,0.201947585,0.170545027,0.303555489,0.25371623,0.259316027,0.372388899,0.275966197,0.194951251,0.121207289,0.42870456,0.256094307,0.173131719,0.13652876,0.137820154,0.198223948,0.246589124,0.21177572,0.172268197,0.306548446,0.253093392,0.257716388,0.37835753,0.2923612,0.199714229,0.129853979,0.434872806,0.256131232,0.157550365,0.11297626,0.143410057,0.185605928,0.254221052,0.244753227,0.210224763,0.325130403,0.25538826,0.268055618,0.372918934,0.283604741,0.220972463,0.147960961,1
2021-01-18,0.250701874,0.147694498,0.092764653,0.144145519,0.219366938,0.208872646,0.173551291,0.304158628,0.142169908,0.16434148,0.20824559,0.2579135,0.239792392,0.26968959,0.259740293,0.201973528,0.234771088,0.135383129,0.08798907,0.148211733,0.192820802,0.179193854,0.193551272,0.335469902,0.170794323,0.174345687,0.235803053,0.293870598,0.253467917,0.290620774,0.285631359,0.19494912,0.220707566,0.124029055,0.085430548,0.157590017,0.182541132,0.16887705,0.179980844,0.33102721,0.193138838,0.180777401,0.254408926,0.328665197,0.273183525,0.280727148,0.258026093,0.170734212,0.216523886,0.117658019,0.087147906,0.166793302,0.179133072,0.170761019,0.161494523,0.290118128,0.183239609,0.181655318,0.261660367,0.333466738,0.274952233,0.248994231,0.208917096,0.13371262,0.219210669,0.116511345,0.076407447,0.146269605,0.172543854,0.145895809,0.143792957,0.295384049,0.141013101,0.160770178,0.25660485,0.318610102,0.269252717,0.216700882,0.167650193,0.10949105,0.232684106,0.126768008,0.08013618,0.153437436,0.176864773,0.148727298,0.137959331,0.280907035,0.109625004,0.145129651,0.26642853,0.338922858,0.302157134,0.256745696,0.188868925,0.103160575,0.245837286,0.137323886,0.087232411,0.167660266,0.185529694,0.165074974,0.129908055,0.243879274,0.094633207,0.135196522,0.276108116,0.363418937,0.328591406,0.280230463,0.195454985,0.095673449,0.253959924,0.144473508,0.095506035,0.182933748,0.182710141,0.162382156,0.130525157,0.224334195,0.10220027,0.136606529,0.282147467,0.361939192,0.318147659,0.27301082,0.195359498,0.091590032,0.260346353,0.151714534,0.094608903,0.187730208,0.208720833,0.165687054,0.148187965,0.262965769,0.136746615,0.145314544,0.287498504,0.357366741,0.30806458,0.230989814,0.166165724,0.119058609,0.279458344,0.154124796,0.084415242,0.174662843,0.221188426,0.164788276,0.130973309,0.277634472,0.15507865,0.141634494,0.286060274,0.350647867,0.277709991,0.206799984,0.15694353,0.144925445,0.30081436,0.155508369,0.079437047,0.166229248,0.236561939,0.182356566,0.123867132,0.27143392,0.157495767,0.137232035,0.28891477,0.359875739,0.26861006,0.207034469,0.16407159,0.153569072,0.316924036,0.160511672,0.085525393,0.174749747,0.251279056,0.199636012,0.127556592,0.262267828,0.156450719,0.133482039,0.29490608,0.364678442,0.270513386,0.229636282,0.188931867,0.163670495,0.327508867,0.168527618,0.099307865,0.193751663,0.247503906,0.204888582,0.140479654,0.280643046,0.175140455,0.137310386,0.299111545,0.358502597,0.289616168,0.250018418,0.204557225,0.168937191,0.338262647,0.176987469,0.110051014,0.209871888,0.249364167,0.200849697,0.150298178,0.311358184,0.197156757,0.141766742,0.309018523,0.369013309,0.297690421,0.255955517,0.214137599,0.172825992,0.348336279,0.184162483,0.121117927,0.227677792,0.238623813,0.184319377,0.146058753,0.300708711,0.195398644,0.138730764,0.316540658,0.383480579,0.309686124,0.254342794,0.203508615,0.158624664,0.35570845,0.186987489,0.130948409,0.244050473,0.223210961,0.160761356,0.103822492,0.246256903,0.17585735,0.129062265,0.321617454,0.390892565,0.307801247,0.225511342,0.161458299,0.140469521,2
2021-02-01,0.206878796,0.171432987,0.158605769,0.14213191,0.195932776,0.325406194,0.368654907,0.337764025,0.518426299,0.525265098,0.317699343,0.198525086,0.114286944,0.28915,0.411595941,0.350448251,0.194868147,0.170544162,0.161575511,0.150783211,0.176446408,0.296826124,0.357878417,0.328358144,0.534152925,0.517201245,0.290121317,0.165597096,0.114743963,0.287382901,0.410219461,0.356639475,0.187606826,0.1618471,0.159726575,0.15572165,0.149468437,0.244048893,0.304526776,0.311714172,0.515215635,0.497856587,0.26932466,0.125322431,0.083193496,0.242625117,0.364953786,0.325030535,0.178980723,0.151295662,0.152704194,0.153152242,0.127839074,0.196327522,0.24630636,0.275798231,0.489155501,0.480206817,0.252599269,0.106341861,0.061132792,0.187274739,0.294325411,0.270506471,0.171463013,0.149467647,0.152357727,0.152097747,0.142750472,0.188601539,0.221863642,0.254016846,0.465131432,0.459794551,0.248515993,0.126289502,0.07158336,0.171355948,0.242747352,0.213614762,0.173219189,0.152959168,0.161898732,0.167927578,0.160586655,0.229474872,0.25562793,0.258044571,0.494908333,0.477921873,0.262536228,0.139000446,0.083529018,0.19448629,0.250361174,0.215122223,0.169630945,0.153691024,0.17526263,0.19297424,0.166117311,0.25578022,0.298807025,0.297350049,0.547657013,0.506659329,0.274040192,0.150302261,0.09761294,0.217804939,0.275175631,0.234693959,0.163104475,0.152417973,0.189527035,0.220007241,0.161462158,0.262757152,0.341538191,0.366859108,0.601787567,0.535600603,0.273527294,0.151423931,0.109029725,0.237112299,0.302703649,0.253062129,0.145689651,0.150696114,0.194236383,0.230614468,0.17021507,0.277456164,0.356443286,0.369899035,0.603075862,0.543361247,0.292526275,0.159797713,0.104804099,0.244761467,0.317785561,0.253893852,0.137512892,0.149810433,0.189235806,0.225961402,0.174459264,0.279088676,0.340120703,0.343040228,0.56829679,0.5468871,0.313712478,0.172578648,0.094096087,0.223024353,0.299610257,0.246689603,0.128775239,0.149673656,0.179888219,0.207926646,0.16802983,0.26282227,0.314009339,0.319596112,0.553337336,0.537696481,0.322691858,0.185459957,0.087201804,0.20215179,0.285752326,0.24219653,0.122046821,0.148564279,0.168300331,0.181213006,0.155748591,0.234845772,0.273434192,0.2998707,0.547428131,0.517263293,0.317294568,0.192970335,0.089255542,0.19135803,0.277088076,0.245730221,0.115796588,0.14599669,0.16416344,0.171480805,0.144827724,0.209301919,0.249123409,0.294595391,0.518325865,0.496232629,0.311786026,0.177123025,0.08323995,0.185184911,0.278903395,0.266818792,0.111682318,0.144793853,0.161213085,0.16377306,0.139523923,0.198299572,0.23550643,0.269577682,0.508202612,0.488452733,0.301693559,0.154653683,0.082283303,0.180596381,0.266144067,0.258238137,0.106686808,0.143672481,0.156345144,0.152844563,0.1318333,0.187327191,0.224296048,0.252394855,0.505464017,0.487172216,0.290605932,0.136553213,0.086061724,0.180300772,0.248237237,0.238282472,0.101240017,0.144235238,0.149363697,0.140390128,0.122666255,0.177445576,0.222205892,0.249254167,0.519320071,0.492231667,0.283258855,0.123039916,0.088326693,0.186614051,0.236257404,0.205587775,3
2021-02-15,0.291065186,0.263868243,0.27384755,0.280435413,0.327771544,0.470782489,0.539558649,0.45797655,0.415722072,0.484692693,0.315954536,0.233447731,0.335408866,0.364817977,0.320852876,0.266934544,0.294044524,0.262473911,0.286791146,0.302748919,0.306767285,0.401641637,0.46512115,0.476790756,0.466776103,0.456137329,0.289781362,0.173560917,0.240839824,0.327822089,0.385218561,0.331251055,0.296383023,0.27933681,0.30878219,0.324624419,0.322044015,0.429102361,0.474225879,0.502999544,0.48708567,0.401710212,0.254277229,0.161316529,0.216890156,0.342993379,0.432776511,0.356355548,0.29757911,0.302598983,0.330329299,0.334267765,0.326480329,0.465486795,0.500546217,0.473031253,0.454588145,0.349148721,0.227287948,0.182849035,0.214661315,0.332341582,0.411044419,0.342361271,0.295123577,0.315119207,0.342432737,0.337280244,0.330999434,0.490922719,0.53861773,0.483327597,0.429204822,0.323653072,0.217596665,0.197771505,0.252906442,0.384722352,0.436705828,0.361929834,0.299614966,0.326878071,0.358911812,0.355116785,0.343930751,0.507549286,0.552922904,0.489903182,0.422315478,0.314503759,0.220612839,0.207937941,0.294949859,0.396789283,0.427035093,0.375329673,0.305975258,0.336811662,0.372156382,0.374835223,0.332326263,0.472992361,0.510127485,0.455355585,0.407781512,0.311396301,0.221454516,0.200897694,0.27631703,0.351240277,0.398432702,0.371965826,0.314021707,0.346379995,0.380412936,0.389164448,0.312176317,0.428706378,0.460027754,0.393405586,0.379298717,0.310382932,0.224215135,0.206168473,0.262170851,0.323155373,0.369516641,0.345308334,0.319365978,0.347333312,0.359335154,0.354204893,0.279344887,0.363920212,0.410464853,0.368480742,0.378855348,0.3061423,0.220683575,0.195424914,0.25044179,0.304273695,0.34197408,0.32744351,0.309898734,0.334861577,0.345689178,0.355916351,0.3011204,0.375674367,0.392591149,0.359914362,0.392298043,0.303934544,0.208071306,0.195992649,0.285960793,0.356559962,0.37882182,0.3303563,0.311775893,0.328715205,0.339072675,0.357562661,0.316498518,0.408429801,0.397030205,0.358270556,0.397124857,0.306405395,0.200181425,0.194127768,0.292593867,0.361932904,0.383373618,0.338426054,0.316588283,0.317433834,0.322721034,0.34358114,0.309513867,0.435695559,0.424872041,0.334637165,0.373444736,0.304105312,0.196362078,0.189810812,0.275072157,0.317967981,0.326218367,0.314901471,0.311387479,0.300837636,0.298848838,0.316854358,0.292659849,0.36501056,0.325620294,0.257459372,0.324470162,0.296434522,0.19315213,0.172913462,0.242924958,0.248558387,0.234429568,0.237245962,0.291924745,0.281594098,0.277112335,0.2980932,0.282764763,0.317319036,0.24730213,0.194363058,0.290346861,0.288338035,0.190421894,0.166894928,0.250936627,0.221942335,0.188861921,0.189466476,0.274624467,0.264360785,0.257232398,0.283049583,0.279676318,0.326099515,0.277781397,0.18614307,0.284581393,0.287396163,0.197537109,0.182005078,0.265659958,0.231181011,0.181948379,0.168748587,0.265986264,0.250473678,0.258496732,0.290658593,0.287622899,0.33912766,0.294831216,0.207094535,0.313942581,0.290419847,0.20532915,0.202616632,0.252827018,0.221031487,0.173881084,0.175431073,4
2021-03-01,0.157024965,0.22020483,0.222801208,0.312009573,0.294660926,0.438171566,0.462603807,0.599653423,0.256037176,0.2534118,0.378313333,0.245516226,0.360654086,0.541425109,0.803591967,0.67746979,0.135120094,0.193928733,0.202604562,0.28204909,0.287452996,0.399407297,0.294459939,0.289348364,0.151465416,0.234391734,0.413283795,0.267477453,0.266047925,0.457545817,0.563617289,0.44650954,0.156149119,0.187709704,0.175185025,0.213954777,0.269519389,0.394937694,0.277724922,0.207166523,0.141934484,0.225806683,0.442166686,0.311159432,0.26457122,0.445474118,0.511324465,0.308052242,0.145948559,0.183120489,0.150252223,0.129174531,0.200099424,0.295159787,0.193831995,0.140347064,0.165913194,0.222212613,0.4272843,0.240867674,0.206728444,0.321216702,0.35335359,0.239057899,0.122826956,0.178913414,0.146767542,0.115075082,0.154976934,0.274041235,0.190191463,0.083263211,0.082291365,0.159949794,0.399071068,0.204503343,0.171536669,0.298079669,0.296835214,0.179937705,0.107449874,0.173936561,0.132439762,0.101541549,0.172594249,0.245499253,0.166692063,0.084646367,0.042648315,0.155308694,0.399736047,0.19746086,0.190706402,0.303166419,0.278955877,0.108512923,0.094616503,0.15993908,0.125639349,0.103548571,0.201046422,0.329832584,0.269307554,0.14908573,0.060655389,0.178049743,0.40860635,0.20905149,0.260198772,0.381507784,0.334572464,0.132793024,0.091744475,0.148116797,0.127332062,0.112860583,0.215397209,0.507687688,0.530109167,0.31711033,0.094170831,0.184777439,0.401419312,0.227742791,0.374456942,0.566433787,0.494028807,0.206235021,0.088585541,0.140788302,0.123703189,0.113904566,0.1926236,0.412144393,0.386886895,0.30239135,0.118676022,0.151844308,0.340519607,0.17451787,0.260495543,0.456257612,0.441217899,0.178341269,0.077419013,0.131369919,0.134736374,0.14619714,0.203341216,0.416718662,0.378293574,0.289601803,0.083891496,0.12158706,0.308060944,0.169644699,0.25295037,0.405913472,0.408159405,0.143608287,0.068604439,0.122970752,0.142739773,0.169408754,0.247182578,0.523753822,0.421107411,0.205110803,0.054232456,0.108675368,0.302418143,0.192021057,0.329109132,0.47267893,0.380335599,0.151128262,0.06141784,0.117202811,0.146160349,0.178002149,0.216676146,0.491378605,0.395016819,0.197363913,0.074867144,0.116883948,0.309205294,0.191177949,0.31478554,0.472951323,0.411052525,0.210459173,0.057920679,0.11147806,0.139336735,0.166801199,0.176647931,0.345794559,0.270528018,0.216620132,0.087550566,0.118698567,0.309839994,0.185336038,0.279931188,0.368166596,0.33894971,0.198841602,0.057694066,0.105030224,0.124487355,0.14033936,0.163211063,0.306243867,0.234047368,0.200399697,0.076621093,0.115302235,0.307963789,0.179075405,0.249267668,0.351499587,0.314972103,0.15700075,0.059277069,0.098304674,0.119805165,0.135132402,0.140355542,0.277373075,0.20768775,0.136470303,0.06178892,0.116018653,0.308463007,0.163451701,0.215441734,0.288234234,0.255818367,0.122824654,0.059776872,0.091316953,0.124327034,0.149262547,0.171863735,0.370985836,0.262741446,0.12793231,0.044724435,0.117407508,0.310887337,0.195886806,0.29557693,0.294055492,0.219567835,0.096528016,5
2021-03-15,0.459950715,0.266252965,0.344990939,0.460870385,0.479147911,0.44899863,0.331140518,0.226271018,0.128187269,0.037159901,0,0.116261467,0.251076251,0.558113396,0.86108309,0.999999881,0.541552603,0.285422891,0.345874995,0.475874752,0.522758782,0.508322001,0.398708642,0.268441796,0.14694263,0.058263171,0.011031939,0.179742143,0.361058086,0.596686065,0.825094163,0.920525432,0.563493967,0.295228213,0.341428787,0.472516119,0.564257622,0.607080996,0.5593009,0.37427184,0.150948957,0.053436298,0.012772785,0.216456652,0.455046177,0.688096344,0.867085874,0.891357481,0.511201024,0.274967253,0.322064966,0.446517825,0.578061521,0.661104321,0.633204043,0.381240278,0.089622982,0.015225136,0.00507885,0.200655892,0.44376567,0.692323029,0.846187294,0.840640306,0.455744773,0.251243263,0.311855614,0.437669843,0.538117766,0.601957917,0.571626723,0.342321455,0.095358089,0.02106062,0.011315539,0.161277741,0.360292286,0.625154436,0.7920838,0.787962079,0.441613823,0.243695468,0.289973587,0.387113959,0.462249368,0.501325846,0.47910735,0.31782788,0.103743814,0.021421634,0.005089124,0.120479368,0.284558058,0.540321171,0.737793863,0.760006964,0.460291803,0.246853739,0.277079642,0.353848696,0.408306688,0.432612628,0.411008745,0.285276145,0.104769982,0.026238279,0.005457081,0.108531013,0.251157016,0.484984666,0.686446488,0.713455975,0.481668591,0.249662146,0.271931529,0.339915127,0.360963315,0.357048273,0.332444459,0.25639832,0.116196081,0.036775012,0.012136232,0.101023622,0.211658254,0.427873075,0.644563138,0.666475236,0.500656545,0.257870615,0.259444684,0.300670952,0.319588721,0.31811434,0.271390945,0.180394709,0.082141347,0.021743029,0.004736994,0.117679149,0.21395579,0.38620311,0.576318741,0.59616828,0.500896811,0.251562089,0.256070107,0.302486598,0.301688522,0.279738069,0.212476417,0.13503921,0.069916874,0.023575246,0.008322333,0.118751273,0.199110433,0.350013644,0.524834812,0.532915831,0.499097526,0.249325931,0.254927278,0.305554032,0.304212749,0.290536284,0.226087734,0.136873826,0.069220558,0.033879921,0.015670896,0.131792083,0.224820763,0.355738968,0.497568876,0.49887073,0.503425598,0.265549868,0.270927697,0.316224903,0.304033726,0.313009799,0.332054615,0.299409539,0.153941885,0.068552539,0.029157428,0.12591061,0.249816895,0.421031713,0.582474768,0.564005315,0.509037018,0.292944729,0.311897129,0.372675449,0.332610339,0.343765646,0.441585422,0.484500855,0.286999971,0.138381898,0.065502249,0.13534455,0.269061953,0.48429817,0.67833972,0.643406749,0.487931609,0.30012536,0.300015807,0.325585842,0.311968446,0.302526802,0.372544706,0.424130023,0.24301219,0.107581042,0.053436492,0.133924395,0.235765398,0.423600763,0.636518121,0.632467568,0.437678993,0.274542689,0.274365693,0.283603728,0.263679802,0.188621581,0.162074819,0.21532388,0.158927932,0.067959502,0.035225987,0.106054224,0.147179306,0.274008483,0.494442552,0.54100734,0.379439145,0.244042993,0.257240891,0.270448804,0.24144426,0.164104909,0.084367268,0.024615128,0.087330617,0.043955632,0.022998387,0.080657423,0.1257893,0.23140581,0.373908937,0.408057749,6
2021-03-29,0,0,0,0,0,0,0,0,0,0,0,0,0,0,0,0,0,0,0,0,0,0,0,0,0,0,0,0,0,0,0,0,0,0,0,0,0,0,0,0,0,0,0,0,0,0,0,0,0,0,0,0,0,0,0,0,0,0,0,0,0,0,0,0,0,0,0,0,0,0,0,0,0,0,0,0,0,0,0,0,0,0,0,0,0,0,0,0,0,0,0,0,0,0,0,0,0,0,0,0,0,0,0,0,0,0,0,0,0,0,0,0,0,0,0,0,0,0,0,0,0,0,0,0,0,0,0,0,0,0,0,0,0,0,0,0,0,0,0,0,0,0,0,0,0,0,0,0,0,0,0,0,0,0,0,0,0,0,0,0,0,0,0,0,0,0,0,0,0,0,0,0,0,0,0,0,0,0,0,0,0,0,0,0,0,0,0,0,0,0,0,0,0,0,0,0,0,0,0,0,0,0,0,0,0,0,0,0,0,0,0,0,0,0,0,0,0,0,0,0,0,0,0,0,0,0,0,0,0,0,0,0,0,0,0,0,0,0,0,0,0,0,0,0,0,0,0,0,0,0,0,0,0,0,0,0,7
2021-04-12,0.199358925,0.216612563,0.174319834,0.17723,0.22121492,0.196142152,0.155471176,0.167380378,0.255421191,0.17470406,0.238217726,0.316517919,0.306340784,0.280132204,0.20921956,0.156323224,0.147743031,0.195175037,0.144170865,0.135922864,0.166251779,0.152446851,0.136409149,0.157191873,0.273379773,0.204407841,0.262799323,0.327914655,0.287639469,0.245472535,0.185570776,0.13210997,0.134749904,0.193162963,0.139613166,0.123450428,0.148358285,0.133609474,0.116517119,0.145535544,0.254905164,0.208999574,0.288246661,0.342232943,0.275891215,0.244645238,0.198732316,0.121588446,0.138497025,0.196526706,0.140314281,0.123460449,0.152780086,0.130417615,0.119170353,0.133479357,0.212768152,0.191394657,0.305055529,0.35804835,0.291668892,0.293464184,0.239685878,0.110004723,0.154233217,0.186357617,0.12984328,0.113396965,0.16296351,0.135042399,0.119618885,0.125297949,0.227413103,0.195160061,0.316042215,0.384569377,0.322418362,0.284666568,0.210415334,0.091532834,0.166213468,0.17357564,0.120730691,0.109819941,0.163678348,0.129091427,0.098299213,0.101127461,0.246605858,0.205845729,0.321956664,0.399717629,0.308816761,0.249031335,0.18186155,0.090815246,0.175556332,0.177131921,0.106145181,0.100644931,0.154309958,0.118457988,0.098921619,0.101547599,0.25152871,0.214722112,0.331468195,0.40532726,0.293284714,0.244011804,0.191405758,0.101094648,0.180963248,0.179622382,0.105914086,0.101938002,0.149635077,0.121248268,0.117993861,0.126116231,0.248488158,0.216529518,0.340770245,0.40876615,0.291858524,0.26640895,0.226824746,0.11406327,0.183538258,0.169946805,0.100091554,0.103803732,0.153339684,0.123786427,0.116740808,0.126338184,0.266574651,0.222833365,0.355823755,0.419811547,0.309749037,0.278767705,0.232182905,0.110798173,0.194181442,0.172483653,0.10375604,0.112468787,0.19387567,0.161397755,0.122073807,0.111059755,0.247856155,0.211319208,0.367206454,0.439272434,0.343114942,0.306358099,0.2401198,0.112869665,0.205853313,0.172144651,0.106019698,0.114846669,0.202390879,0.169309974,0.119349711,0.107665852,0.240341425,0.203313127,0.368272871,0.442239851,0.351837277,0.312129527,0.243345901,0.113495275,0.21453087,0.171399161,0.110325947,0.119322151,0.190479293,0.16589357,0.122378528,0.112367183,0.240784079,0.201196805,0.359136671,0.429828554,0.346394598,0.30848369,0.236563951,0.104234949,0.219670996,0.169423938,0.113035358,0.126153514,0.179240629,0.167907596,0.133779973,0.123934671,0.263875604,0.214184433,0.358857185,0.422421604,0.335695505,0.293101102,0.22201927,0.11230211,0.218756825,0.165817514,0.116405241,0.13793081,0.187024564,0.177823424,0.142826378,0.134896383,0.277289301,0.223222792,0.36611256,0.427243024,0.351165235,0.315832436,0.24429065,0.135579392,0.220050454,0.166109487,0.122676887,0.145822167,0.185503975,0.171824917,0.134906679,0.137304574,0.28921029,0.227199003,0.366181612,0.430124044,0.362918854,0.323776782,0.255348176,0.141719416,0.227276877,0.167621434,0.126391649,0.15732044,0.19945541,0.190410689,0.151050299,0.132873386,0.28539601,0.223677933,0.364139259,0.436607152,0.388590872,0.343029022,0.251111656,0.120245196,8
2021-04-26,0.322535813,0.288322747,0.287431419,0.292311758,0.271718025,0.306462079,0.323187351,0.307962924,0.317645907,0.337999314,0.285252512,0.255104899,0.331232578,0.370871753,0.340123564,0.227361783,0.277539551,0.255828679,0.259412259,0.275127679,0.276499331,0.312987298,0.283193856,0.252654433,0.301617414,0.342707515,0.306495786,0.257823139,0.306344002,0.310697675,0.301434547,0.249573395,0.238785416,0.219351679,0.228370726,0.245159164,0.261165291,0.278101772,0.245712608,0.239457026,0.261621743,0.332718283,0.30653131,0.222882912,0.26317969,0.276249379,0.276915818,0.243931711,0.185622782,0.177067041,0.178237721,0.199350893,0.251111954,0.259826213,0.250633448,0.245274603,0.221249178,0.321797818,0.312567919,0.216101095,0.255510002,0.293898672,0.28353253,0.217884958,0.180040374,0.147379711,0.12763612,0.158891886,0.202191368,0.234866813,0.24354361,0.216331288,0.190796569,0.323904157,0.331762642,0.214222848,0.189121738,0.276018322,0.280245036,0.182686031,0.20187822,0.148628563,0.122347042,0.153158888,0.184242949,0.243594766,0.2493729,0.205373228,0.19674632,0.328291476,0.341650188,0.224933818,0.172681466,0.26797992,0.263772309,0.145407468,0.238358647,0.15618971,0.121392153,0.149901956,0.177132204,0.23639594,0.238492295,0.194322541,0.186203822,0.317869484,0.333142996,0.226730838,0.186783433,0.273297876,0.25166133,0.130318061,0.267310083,0.174805939,0.120651469,0.146208793,0.177082285,0.207559645,0.212217823,0.188522324,0.157369062,0.308880776,0.328111738,0.227888837,0.205106542,0.258188874,0.229794353,0.130079597,0.279130578,0.18623662,0.124233313,0.124866515,0.157891437,0.220449343,0.249127716,0.21403648,0.201014802,0.325797111,0.331027746,0.221340448,0.195389569,0.226480439,0.20343627,0.129709601,0.268986225,0.186610281,0.134830788,0.128311604,0.155432805,0.198578283,0.200481012,0.195031941,0.195167139,0.319448382,0.315733165,0.206872225,0.184010148,0.227092788,0.205775797,0.130020902,0.2455616,0.179946676,0.1411663,0.132619813,0.165385872,0.189122021,0.169097394,0.165204778,0.209320694,0.320205688,0.310426742,0.195278272,0.181973919,0.229164615,0.199327096,0.131133497,0.234269157,0.178672731,0.146991089,0.135740384,0.189582378,0.206580564,0.16938366,0.171570048,0.251742095,0.341396332,0.324092358,0.21141012,0.205112368,0.2260001,0.190640315,0.133116737,0.204302892,0.157239586,0.132419735,0.114620529,0.179920331,0.225555107,0.179601416,0.165419638,0.232196584,0.328119308,0.333202153,0.227604598,0.200997591,0.212999299,0.186058328,0.140237704,0.205281451,0.14806892,0.134908989,0.129537642,0.173384428,0.235141173,0.188654527,0.163313195,0.195675448,0.323619187,0.365082413,0.251817465,0.197220296,0.211378381,0.183723286,0.135440648,0.209838629,0.143516496,0.139612243,0.14259088,0.167167142,0.220475882,0.178619787,0.171837166,0.177528709,0.316158146,0.374420524,0.254679739,0.188439012,0.20482114,0.182420164,0.138790876,0.204763263,0.140332371,0.142155752,0.144230619,0.188231781,0.2471205,0.194415331,0.210248634,0.196219623,0.312089711,0.365384877,0.239582047,0.187092379,0.213178411,0.186940745,0.151636168,9
2021-05-10,0.277740568,0.283292413,0.163517833,0.131512657,0.165354133,0.13701959,0.146064758,0.155993134,0.052545253,0.044487517,0.091058992,0.20599775,0.345219791,0.401377887,0.287085772,0.15531683,0.271105021,0.237156585,0.142596021,0.119739912,0.127595231,0.100435331,0.092371263,0.095734537,0.043881278,0.039020628,0.107002862,0.242047682,0.348449886,0.319053829,0.208129689,0.127690241,0.295592576,0.194703192,0.111497894,0.108234808,0.103554644,0.07826259,0.064493209,0.063662015,0.043131161,0.035665005,0.122158065,0.292011529,0.376002461,0.287701845,0.166079834,0.093964003,0.325472593,0.163715094,0.080799587,0.098779298,0.103568733,0.077868804,0.052946854,0.054515749,0.048041757,0.031996936,0.131306395,0.315725029,0.356445909,0.257350445,0.156973019,0.0553413,0.34811452,0.163765028,0.071690314,0.090371378,0.111627467,0.078618936,0.043123826,0.056184951,0.051559478,0.029076343,0.142275423,0.318492711,0.31333819,0.234221235,0.165277556,0.054497432,0.353494555,0.165912554,0.066093706,0.084700167,0.103785574,0.071299583,0.035441421,0.046873227,0.050110783,0.029249543,0.147378564,0.302839428,0.2936683,0.251031369,0.184022546,0.052539121,0.339885801,0.164296106,0.06936229,0.085878186,0.095025741,0.080473997,0.058660142,0.049924772,0.049444254,0.037753109,0.164408311,0.323384851,0.305505872,0.264818162,0.194203377,0.049952336,0.297163129,0.149447009,0.076337308,0.090971611,0.087049052,0.094860405,0.087827533,0.05996576,0.050051268,0.04560424,0.171287477,0.332630783,0.309397101,0.265702873,0.191941231,0.047916211,0.268589318,0.139392734,0.080700941,0.09282241,0.08431945,0.092440188,0.095405959,0.081113242,0.056810781,0.05263729,0.166527018,0.34769702,0.356350094,0.285066694,0.205231264,0.054663308,0.24620536,0.13470757,0.090628855,0.103356458,0.085024603,0.073563889,0.066629797,0.057705551,0.054982349,0.069299318,0.16514504,0.328250974,0.3389332,0.264364094,0.180170923,0.048211567,0.20872508,0.126278996,0.097106025,0.11391896,0.090121061,0.076195359,0.071880408,0.059926976,0.057180535,0.075996496,0.173742026,0.349622607,0.343900114,0.258347392,0.180566028,0.048697267,0.153503686,0.113781326,0.09949103,0.122052595,0.091735967,0.083205462,0.086385943,0.060275663,0.051350687,0.08199773,0.186766177,0.370199591,0.343566447,0.257379174,0.181335047,0.049300186,0.136379957,0.109724812,0.096081391,0.123492755,0.092955351,0.087921843,0.10082978,0.088192023,0.057804894,0.090897009,0.206085011,0.407043725,0.387996554,0.265351146,0.182683781,0.065837465,0.107015193,0.09504135,0.095346183,0.128066599,0.098377392,0.103860095,0.113328196,0.10111706,0.069074728,0.099188127,0.227525562,0.451310962,0.40784049,0.264991373,0.184554219,0.072823763,0.081328429,0.079590358,0.091456704,0.122118637,0.092564858,0.104834102,0.102050006,0.067557521,0.064191744,0.106378332,0.243902907,0.477334082,0.404198915,0.246510461,0.160025328,0.072488174,0.077063501,0.078384005,0.091150023,0.119609796,0.092969984,0.099136874,0.086206578,0.077648379,0.068398021,0.111005366,0.25470984,0.494325042,0.405901045,0.253114492,0.169693023,0.081026606,10
2021-05-24,0.257304817,0.343960285,0.307996988,0.318319708,0.412293881,0.331099987,0.322694153,0.378882378,0.36711067,0.299169093,0.28769502,0.247426957,0.509592175,0.358752578,0.272690445,0.27559036,0.283908963,0.314804524,0.278280079,0.300604433,0.415907592,0.357077867,0.353876114,0.360217601,0.348758847,0.288195401,0.293161809,0.272883385,0.5192343,0.383818954,0.259133607,0.25027898,0.206412524,0.278057754,0.24978067,0.274736136,0.408465207,0.355153233,0.356391877,0.33894828,0.338352233,0.284674793,0.305138737,0.315460145,0.51097703,0.363393515,0.249930248,0.254156142,0.155062333,0.259415925,0.233434945,0.254766971,0.400725275,0.332577497,0.33679226,0.356975734,0.348902792,0.288657457,0.307519346,0.359530061,0.516559482,0.341147721,0.259745359,0.276520222,0.151972443,0.248184472,0.22345829,0.254899085,0.401826769,0.298711032,0.290340126,0.364185661,0.365065515,0.291666836,0.288226336,0.362706602,0.541765213,0.318259329,0.23602213,0.268234104,0.159359813,0.238771543,0.219683841,0.263127536,0.369538605,0.279099405,0.269756705,0.341535777,0.346259296,0.27041477,0.26898542,0.357365996,0.515039086,0.289722204,0.219890967,0.272122413,0.163924575,0.234322816,0.219727129,0.271207839,0.340841562,0.281172961,0.285342783,0.332916945,0.333347023,0.247791186,0.256272346,0.354606599,0.475719929,0.272552818,0.226313397,0.281005174,0.166742548,0.230530605,0.219513699,0.277451336,0.328905731,0.298480064,0.313107461,0.340354621,0.323639482,0.238991216,0.254774898,0.358628899,0.441769332,0.268534333,0.239989519,0.296480864,0.16860716,0.226444125,0.218597531,0.279387951,0.326547146,0.295717448,0.308739185,0.344589084,0.330979556,0.245198876,0.258263797,0.347937733,0.40066123,0.264897823,0.239246532,0.282208771,0.167679653,0.220671043,0.217366651,0.279585868,0.33100915,0.300839424,0.311031669,0.36191529,0.335570306,0.255060136,0.264082432,0.347100556,0.385750234,0.255915731,0.256524265,0.323137105,0.16765973,0.218095019,0.218207404,0.282514095,0.336834252,0.313568503,0.318447053,0.360870391,0.333931476,0.268678337,0.279940516,0.361898333,0.374399126,0.249601871,0.262105435,0.340456873,0.167538807,0.214676738,0.219075695,0.285768449,0.337732524,0.328286707,0.331442058,0.36407724,0.345594615,0.279113919,0.29587695,0.384466112,0.36236158,0.250533968,0.270038962,0.34817943,0.169032305,0.212387636,0.216097757,0.279039145,0.3169159,0.324826688,0.345425069,0.384752214,0.358701944,0.283954769,0.298728287,0.382938206,0.354690224,0.249053851,0.268341839,0.354428232,0.168985397,0.213645861,0.215015396,0.270225346,0.303651035,0.320664942,0.356697291,0.400222927,0.360350579,0.274510354,0.287301004,0.364290893,0.32379511,0.238107756,0.263886541,0.35875228,0.171265736,0.21677421,0.218064159,0.265343517,0.291578799,0.31624651,0.360074997,0.405000478,0.355098426,0.257042885,0.267329782,0.33472079,0.289887041,0.226017714,0.261083215,0.356276035,0.174646109,0.221657306,0.22262916,0.263962686,0.278775632,0.303639382,0.344590187,0.401643455,0.344463646,0.243714079,0.24803187,0.30510506,0.261400044,0.210910633,0.257301837,0.344131559,11
2021-06-07,0,0,0,0,0,0,0,0,0,0,0,0,0,0,0,0,0,0,0,0,0,0,0,0,0,0,0,0,0,0,0,0,0,0,0,0,0,0,0,0,0,0,0,0,0,0,0,0,0,0,0,0,0,0,0,0,0,0,0,0,0,0,0,0,0,0,0,0,0,0,0,0,0,0,0,0,0,0,0,0,0,0,0,0,0,0,0,0,0,0,0,0,0,0,0,0,0,0,0,0,0,0,0,0,0,0,0,0,0,0,0,0,0,0,0,0,0,0,0,0,0,0,0,0,0,0,0,0,0,0,0,0,0,0,0,0,0,0,0,0,0,0,0,0,0,0,0,0,0,0,0,0,0,0,0,0,0,0,0,0,0,0,0,0,0,0,0,0,0,0,0,0,0,0,0,0,0,0,0,0,0,0,0,0,0,0,0,0,0,0,0,0,0,0,0,0,0,0,0,0,0,0,0,0,0,0,0,0,0,0,0,0,0,0,0,0,0,0,0,0,0,0,0,0,0,0,0,0,0,0,0,0,0,0,0,0,0,0,0,0,0,0,0,0,0,0,0,0,0,0,0,0,0,0,0,0,12
2021-06-21,0,0,0,0,0,0,0,0,0,0,0,0,0,0,0,0,0,0,0,0,0,0,0,0,0,0,0,0,0,0,0,0,0,0,0,0,0,0,0,0,0,0,0,0,0,0,0,0,0,0,0,0,0,0,0,0,0,0,0,0,0,0,0,0,0,0,0,0,0,0,0,0,0,0,0,0,0,0,0,0,0,0,0,0,0,0,0,0,0,0,0,0,0,0,0,0,0,0,0,0,0,0,0,0,0,0,0,0,0,0,0,0,0,0,0,0,0,0,0,0,0,0,0,0,0,0,0,0,0,0,0,0,0,0,0,0,0,0,0,0,0,0,0,0,0,0,0,0,0,0,0,0,0,0,0,0,0,0,0,0,0,0,0,0,0,0,0,0,0,0,0,0,0,0,0,0,0,0,0,0,0,0,0,0,0,0,0,0,0,0,0,0,0,0,0,0,0,0,0,0,0,0,0,0,0,0,0,0,0,0,0,0,0,0,0,0,0,0,0,0,0,0,0,0,0,0,0,0,0,0,0,0,0,0,0,0,0,0,0,0,0,0,0,0,0,0,0,0,0,0,0,0,0,0,0,0,13
2021-07-05,0.574422419,0.586787701,0.500415981,0.632323265,0.582374513,0.389321417,0.395082891,0.483479083,0.358671814,0.199972659,0.291104496,0.326818883,0.192189828,0.269484818,0.347572386,0.313085258,0.587341249,0.659549177,0.566073,0.685248673,0.644700706,0.458680779,0.425772399,0.410675466,0.301221818,0.176055551,0.282600552,0.355369329,0.245584458,0.284681737,0.27294454,0.270516902,0.596839786,0.703855515,0.632759988,0.73369664,0.66261971,0.455027908,0.430365324,0.481640667,0.334811956,0.166454479,0.278073817,0.3475613,0.243588403,0.298085839,0.328516603,0.324134856,0.637568355,0.724252701,0.666865528,0.747388482,0.662289083,0.439515829,0.401543856,0.491841495,0.31987676,0.15001376,0.268921137,0.337768078,0.257625103,0.299366891,0.328213751,0.327822536,0.707406342,0.760217488,0.706102252,0.760453701,0.709459364,0.48167628,0.407485962,0.455881208,0.25213483,0.117356502,0.248273253,0.321470976,0.269222915,0.3216151,0.343926579,0.345545977,0.701287627,0.751039088,0.724723995,0.748998642,0.687942803,0.485525578,0.414884508,0.427188009,0.237291217,0.107702836,0.230693221,0.307845056,0.295715004,0.344332606,0.35668239,0.357405424,0.683186293,0.718190253,0.727084517,0.732708275,0.65408498,0.475941718,0.404759914,0.393199295,0.236922443,0.10325323,0.224370226,0.304707736,0.310799181,0.346536249,0.340932935,0.341634899,0.66332823,0.683698058,0.713017106,0.702582359,0.607486069,0.446020991,0.399063706,0.443657368,0.26229164,0.113125101,0.234198347,0.292520732,0.273123115,0.31694743,0.35749802,0.372604042,0.642754793,0.653131127,0.691140234,0.656550705,0.572271466,0.411127687,0.360282809,0.426067263,0.258310914,0.111234598,0.23214218,0.282149702,0.26171717,0.305875838,0.338731706,0.356835335,0.662611306,0.652470887,0.682824612,0.645498991,0.569320977,0.41967541,0.359391719,0.364515185,0.211780712,0.093116015,0.233710021,0.289522201,0.259502769,0.298022807,0.328405827,0.353019804,0.672362626,0.639302433,0.667319179,0.628262103,0.561546445,0.4265306,0.357781798,0.322558731,0.184855938,0.083658017,0.229753703,0.295296133,0.275336325,0.303800344,0.31508562,0.322064936,0.673133314,0.623242021,0.645569384,0.597682953,0.523759723,0.386081874,0.332117885,0.334741265,0.193205059,0.085932337,0.231197864,0.284693718,0.269513786,0.305926323,0.336523831,0.327288657,0.65849483,0.60305357,0.633757293,0.590523243,0.506795764,0.36419031,0.313121468,0.347598225,0.18958953,0.087058172,0.241837859,0.293266863,0.268923253,0.30083704,0.337091476,0.322027922,0.64065218,0.58589226,0.615318596,0.559323251,0.475812674,0.336071074,0.285630405,0.339243382,0.177724719,0.084721759,0.244631946,0.300032556,0.280030459,0.2951141,0.313301593,0.299955934,0.61511296,0.567323089,0.594408035,0.531102061,0.452188343,0.315129131,0.273184627,0.343401015,0.173429161,0.081831396,0.250365406,0.302417547,0.278765708,0.29573071,0.321295977,0.313419849,0.587476671,0.534532785,0.5608055,0.506147861,0.45939669,0.346280336,0.294771671,0.326705635,0.149020046,0.077103727,0.256163687,0.307926506,0.285312057,0.309493572,0.330313236,0.327663273,14
2021-07-19,0.297937363,0.312543601,0.365626007,0.344859272,0.306000471,0.377952486,0.296477079,0.150186762,0.218048245,0.326018304,0.310595214,0.330951393,0.217322052,0.255187541,0.249701604,0.207342744,0.291147768,0.307314992,0.309945017,0.33310616,0.297366053,0.334839344,0.293476582,0.180711821,0.201706171,0.370169401,0.317873061,0.302601606,0.164785966,0.231158853,0.244683787,0.161175847,0.276859641,0.29782486,0.289407521,0.317554981,0.292577028,0.323709458,0.287171662,0.182336196,0.185446575,0.364815474,0.290367424,0.266041964,0.147386596,0.227744684,0.229928672,0.144074187,0.230528161,0.256489694,0.26336664,0.279661596,0.254159451,0.262674451,0.209862188,0.165112928,0.178755865,0.340136856,0.254609913,0.226684868,0.137094826,0.211819649,0.224621624,0.153079554,0.202147052,0.220408142,0.249718338,0.269829482,0.220490932,0.237762272,0.184521005,0.156464636,0.144544467,0.307512909,0.240050748,0.214371234,0.134576038,0.185469806,0.198738426,0.150405452,0.207246155,0.226368099,0.249565154,0.246894553,0.209994033,0.238452107,0.194439352,0.147685647,0.140346229,0.301358551,0.237222701,0.204674482,0.14549695,0.173465684,0.163845435,0.132927775,0.222895473,0.254570752,0.261504382,0.23443538,0.217799291,0.23989284,0.210606202,0.16824089,0.163788959,0.305813223,0.236156583,0.200864747,0.143930495,0.173466876,0.158996865,0.115428336,0.229740292,0.278164387,0.274866819,0.232827082,0.227267668,0.233648017,0.224005625,0.206415936,0.200505793,0.308957726,0.235939607,0.216659293,0.13525562,0.169860646,0.166769981,0.094346933,0.210584462,0.248130277,0.257733285,0.218721345,0.189827085,0.227940932,0.223995909,0.202481195,0.190260157,0.307952553,0.234057799,0.222016767,0.121700704,0.17219533,0.17551589,0.102606982,0.170201093,0.202454582,0.228182361,0.20223023,0.149824426,0.172948241,0.187138379,0.198861957,0.198897958,0.308072746,0.227893099,0.218099877,0.107585892,0.161687732,0.182818115,0.088138141,0.142543793,0.172782779,0.200127602,0.18838422,0.131918237,0.141852185,0.15186581,0.171776533,0.189225152,0.294621021,0.219716623,0.213785902,0.100212358,0.13953793,0.156470492,0.083091803,0.132088855,0.161716819,0.194961801,0.193436667,0.127191067,0.119981863,0.118991226,0.12460696,0.140907273,0.273041427,0.213812202,0.21207273,0.094242528,0.11154481,0.120774873,0.062113892,0.122140206,0.153255224,0.195866704,0.209271371,0.161505461,0.1632552,0.151878372,0.129300639,0.134181574,0.272682339,0.212566957,0.213287875,0.09281455,0.104212247,0.107369512,0.056857102,0.116613775,0.150168568,0.193378657,0.204405472,0.150489286,0.16710417,0.162760004,0.14950034,0.145144895,0.27519235,0.210987642,0.214494452,0.097417943,0.108629793,0.104354963,0.067484885,0.115020536,0.144895032,0.189678982,0.200688139,0.14394629,0.174310967,0.161827981,0.139234439,0.153561473,0.275192022,0.205831841,0.206538916,0.100533828,0.115851767,0.107349969,0.071334846,0.117637448,0.136550248,0.181724668,0.195864871,0.148142323,0.200898051,0.18165417,0.133194059,0.165416405,0.279258817,0.200344533,0.197774246,0.120028548,0.148697808,0.127177,0.068849981,15
2021-08-02,0.398977369,0.269199789,0.287685364,0.349493146,0.232613131,0.259079129,0.236336872,0.247988626,0.204713494,0.177735448,0.247277036,0.312370032,0.278725952,0.345828593,0.327250868,0.231068209,0.398714811,0.259980321,0.280056268,0.352430582,0.253923953,0.286199301,0.254123956,0.244527757,0.202452153,0.187659234,0.252194881,0.291412711,0.249480873,0.307688087,0.303712249,0.210295647,0.408430874,0.276721358,0.305791408,0.364542484,0.276990622,0.320859373,0.298131019,0.286192179,0.225187898,0.197514683,0.250647455,0.274595827,0.248763934,0.294439316,0.307711631,0.224540785,0.41277191,0.283718407,0.323257506,0.372508436,0.293682903,0.334273815,0.309436232,0.297725528,0.22238338,0.191715464,0.244616702,0.266396701,0.264122039,0.279119998,0.293977737,0.224584043,0.363656193,0.264864683,0.328150243,0.37698099,0.270731062,0.321817875,0.304496497,0.275916308,0.214336962,0.188857257,0.237621009,0.265145779,0.272989154,0.261913508,0.262215465,0.200035408,0.379580647,0.257941276,0.325872749,0.405443609,0.269105434,0.305164665,0.295348912,0.273967594,0.221717387,0.205243409,0.258654296,0.294279248,0.267679006,0.254919529,0.24530305,0.186020449,0.382119864,0.246184349,0.306178331,0.392866343,0.280023187,0.306483835,0.276845664,0.247887209,0.223954573,0.217618406,0.281667978,0.308462203,0.259484589,0.227640137,0.209793225,0.167050734,0.380592287,0.241044804,0.260528773,0.337362081,0.276217937,0.289441019,0.274414569,0.245423838,0.209555149,0.211097151,0.276150256,0.288753778,0.258674264,0.221964359,0.201051086,0.153300717,0.386088818,0.24323757,0.259300023,0.3387793,0.255710334,0.24450089,0.232196257,0.217196465,0.18367283,0.183190644,0.2645441,0.284137905,0.207316875,0.196219534,0.199153259,0.146207437,0.354426533,0.233004272,0.256899893,0.343038708,0.262850791,0.253486693,0.26134637,0.279552609,0.211836293,0.177808538,0.256547272,0.279580832,0.190396667,0.198273256,0.2352065,0.181441367,0.323786467,0.219876319,0.255101889,0.345239818,0.25887841,0.253477067,0.263260037,0.293526471,0.228776112,0.182658151,0.25168559,0.279807895,0.179833144,0.181200042,0.222800583,0.185377166,0.306296736,0.215668663,0.254343629,0.347154081,0.242270365,0.23973541,0.254971415,0.278972834,0.237681359,0.194546238,0.258436114,0.289432496,0.170860887,0.15746212,0.193334654,0.169993937,0.306795627,0.217884496,0.248771936,0.334394932,0.226299971,0.228817016,0.237590224,0.238419503,0.199982032,0.180839539,0.261222363,0.310592532,0.186908394,0.155835435,0.173143387,0.145221829,0.318497628,0.228851393,0.254283547,0.324906558,0.213537291,0.219308034,0.220195904,0.216175228,0.199717835,0.190477654,0.265954226,0.309845239,0.187288225,0.144164443,0.1640971,0.153647333,0.326645702,0.228270426,0.252258062,0.315539837,0.194893911,0.212108329,0.221008077,0.226483926,0.21858944,0.203354716,0.27005443,0.298171043,0.177803367,0.151851848,0.189957157,0.180763781,0.320452034,0.21504283,0.244910538,0.305859596,0.193753168,0.246345162,0.23604475,0.220937341,0.239643022,0.210457221,0.268194079,0.298668802,0.186761111,0.175392523,0.213288307,0.184597418,16
2021-08-16,0.276526302,0.344032705,0.342192739,0.344305992,0.289067775,0.374355733,0.463131964,0.333663911,0.23014164,0.229178414,0.33204475,0.465112627,0.439945191,0.353317797,0.234703109,0.249778107,0.335393906,0.382125318,0.355139643,0.358248889,0.278774232,0.335170448,0.392834455,0.278778851,0.226652399,0.230460376,0.309064597,0.406312048,0.339030802,0.264451474,0.185358807,0.231079087,0.278787434,0.364166886,0.342985213,0.350595772,0.267832428,0.285904855,0.304631233,0.26284948,0.228260979,0.233298153,0.307063878,0.381638139,0.284495801,0.221936852,0.204683349,0.259205908,0.21939759,0.351097792,0.337282032,0.346965134,0.288521528,0.270884156,0.245739296,0.224977344,0.230652556,0.229433313,0.293076843,0.382076085,0.301425606,0.224348992,0.212394312,0.281009972,0.186220184,0.374952823,0.352495372,0.317317158,0.283107519,0.275230914,0.241369486,0.227484301,0.23383595,0.219449833,0.283848971,0.385964364,0.29382664,0.206738487,0.180358902,0.238365293,0.160749078,0.348699749,0.32310918,0.301406235,0.290153295,0.249155,0.198427945,0.224164501,0.223220348,0.226255491,0.310181916,0.392634004,0.289988279,0.192999408,0.167137265,0.224446148,0.139849037,0.335149348,0.302818149,0.276789159,0.286419898,0.257773936,0.203887314,0.219954818,0.220926955,0.233085081,0.332173616,0.401574314,0.283400893,0.186440632,0.154862434,0.204989314,0.129822463,0.35081476,0.314329803,0.255911976,0.250159472,0.247453704,0.223344058,0.228145227,0.20682314,0.233456567,0.34999162,0.412661523,0.255921781,0.164394706,0.149973318,0.192937255,0.142356053,0.358912855,0.332301706,0.268939078,0.226061091,0.188438386,0.166310221,0.173072055,0.180147856,0.227319106,0.345040828,0.417859614,0.273214191,0.186794564,0.140889272,0.140452221,0.16286388,0.356562853,0.318972796,0.245023325,0.234921843,0.229074076,0.223258272,0.210448727,0.158987656,0.236761764,0.354072511,0.416953892,0.282866448,0.193701714,0.147525936,0.15901573,0.160428926,0.330458015,0.303616792,0.22863695,0.233732268,0.235255942,0.222626284,0.220968857,0.169308081,0.245504156,0.354375094,0.424145371,0.272550642,0.172962949,0.146872953,0.176561385,0.144598454,0.302876204,0.294317335,0.230122656,0.227255806,0.216183156,0.180440307,0.190299019,0.195222542,0.249209806,0.348321915,0.440778881,0.257029831,0.14762488,0.136498168,0.160095826,0.14875558,0.29043895,0.288973093,0.228268728,0.194700211,0.20823063,0.183187172,0.191882372,0.18973355,0.251033634,0.350984305,0.437789112,0.242513493,0.13252154,0.143091157,0.168014184,0.157104269,0.276093155,0.278030097,0.22576943,0.197968706,0.216294289,0.200316086,0.230948225,0.2033654,0.255479842,0.35124287,0.439892709,0.257170349,0.147815615,0.151575521,0.165335611,0.161160246,0.270204514,0.270938247,0.214343354,0.223966166,0.264317095,0.222546265,0.230467558,0.183629707,0.252653986,0.352245718,0.440618306,0.278195053,0.174000248,0.151497722,0.165182739,0.158086255,0.268769801,0.266063869,0.194950312,0.24155429,0.304628462,0.225149721,0.178078979,0.150583878,0.246213078,0.354744941,0.451772392,0.295875698,0.178302929,0.137720153,0.16683951,17
2021-08-30,0.383746058,0.295577079,0.254211813,0.207575023,0.313453913,0.23425743,0.164383158,0.183284432,0.334761769,0.392152548,0.279252499,0.185334355,0.347873032,0.232121989,0.140682906,0.160974205,0.398710549,0.312101483,0.255146265,0.21976763,0.319302738,0.268165588,0.214485735,0.211177304,0.36496979,0.395415068,0.251680255,0.184016973,0.381968588,0.271904856,0.180502966,0.171342045,0.42370519,0.318036944,0.25619933,0.242094174,0.327671826,0.27370587,0.231769219,0.241100535,0.367484331,0.398362398,0.244123414,0.177968785,0.40262118,0.292843282,0.18804723,0.171565607,0.436610252,0.30813989,0.261824161,0.26729688,0.355750501,0.300027281,0.249036387,0.26854068,0.34660542,0.399988562,0.248608097,0.170929521,0.399792135,0.288155705,0.200000226,0.222022861,0.415427893,0.290177464,0.261709094,0.273967117,0.371959299,0.328514904,0.26137802,0.25246942,0.330981642,0.416783988,0.262827843,0.151092753,0.321521401,0.246266112,0.199685156,0.22405909,0.399679959,0.282805949,0.264401466,0.290927708,0.391047865,0.341271102,0.270615876,0.245615914,0.32453087,0.43678695,0.287324518,0.164741054,0.330256343,0.250398934,0.205680758,0.228540197,0.402074158,0.289112568,0.275368601,0.308625519,0.422653645,0.372444749,0.290556908,0.248247892,0.316920966,0.458857298,0.322521985,0.197367862,0.382361919,0.296795875,0.212751523,0.22237882,0.402172923,0.293373764,0.290181249,0.322619081,0.446316838,0.392214119,0.312146306,0.259929776,0.308756262,0.469218612,0.347422868,0.221870214,0.414562315,0.335361987,0.234305903,0.222219989,0.391177893,0.283931136,0.285868466,0.308487773,0.435249358,0.364419818,0.289046466,0.236217991,0.304313332,0.466756225,0.321545422,0.186463758,0.344369918,0.287103415,0.212197691,0.222942069,0.376594186,0.294706881,0.282950372,0.301707655,0.465913475,0.352587134,0.261095762,0.228049606,0.292174727,0.464623034,0.313207686,0.161950186,0.313692898,0.263177395,0.202961564,0.193695113,0.374380291,0.314169854,0.296533704,0.307164073,0.50903964,0.379632086,0.279867828,0.235383794,0.288308918,0.45500049,0.299953878,0.159323543,0.334222347,0.293354392,0.208802909,0.182209551,0.392922521,0.330611587,0.321755141,0.321358919,0.557569146,0.432811022,0.318655014,0.262537241,0.297680527,0.441675305,0.284911156,0.17875731,0.373479247,0.33641398,0.228323892,0.194281533,0.408467799,0.340937614,0.336349636,0.327348948,0.598492563,0.457004964,0.332611173,0.283091843,0.304946542,0.422950596,0.269427121,0.189940438,0.385160327,0.350557089,0.249319002,0.222948268,0.394759476,0.333404124,0.327667266,0.306619316,0.59216845,0.442715764,0.324483961,0.293444842,0.310532957,0.446121782,0.289188117,0.173574656,0.376387626,0.328449905,0.24017325,0.224921241,0.37027663,0.320582986,0.317802191,0.275252461,0.573075354,0.421402782,0.295741558,0.288772523,0.308813542,0.469335824,0.307299942,0.161167562,0.374678493,0.305910468,0.218721375,0.212283954,0.354617089,0.319864929,0.312016755,0.261190295,0.56793493,0.407837182,0.294182748,0.291038603,0.298231035,0.481823474,0.319599599,0.147422671,0.375778556,0.309301049,0.208613858,0.189784348,18
2021-09-13,0.21816659,0.260222971,0.299865335,0.234568223,0.233800963,0.258582383,0.234938398,0.211747274,0.215680778,0.412291408,0.391403377,0.422340453,0.352259427,0.238008365,0.215645239,0.190420255,0.262595117,0.292260021,0.299127877,0.2389891,0.247068912,0.280745029,0.261334985,0.221487135,0.217229664,0.400394499,0.391848117,0.446261764,0.40534994,0.274258494,0.222544625,0.190842524,0.265702218,0.290362477,0.293145955,0.233529985,0.250098646,0.293911666,0.271290511,0.222186804,0.21953325,0.395245701,0.378288001,0.454537302,0.429560155,0.293813735,0.2375229,0.220012039,0.260870367,0.292898208,0.293392867,0.241571903,0.262623787,0.290651321,0.270648956,0.240994528,0.221259773,0.3870354,0.371124327,0.453753918,0.419917375,0.302051634,0.27035749,0.278338104,0.259231359,0.316893131,0.308108926,0.250191391,0.274428993,0.304336041,0.294158459,0.268383205,0.229937613,0.384305865,0.370333821,0.457548767,0.448836356,0.330982625,0.294835776,0.286077082,0.258936942,0.30757913,0.285657078,0.244050756,0.247951657,0.253783584,0.250358194,0.251177341,0.243975237,0.39450559,0.370928019,0.442070901,0.424215972,0.317822635,0.279673994,0.245038465,0.257627219,0.308850318,0.270685762,0.227922395,0.242453724,0.240504235,0.231912091,0.230865166,0.252394855,0.391947091,0.36966148,0.437940419,0.40587762,0.297083169,0.249500573,0.2178884,0.245206818,0.309212148,0.262985468,0.209777683,0.25153923,0.248050109,0.230948448,0.215569317,0.248774111,0.374642819,0.361710906,0.450107753,0.414563626,0.295381278,0.239139929,0.213266164,0.24182409,0.284394652,0.236364588,0.191477463,0.235484615,0.259729832,0.228981882,0.181955203,0.221534982,0.350835264,0.349883437,0.450803131,0.42298153,0.317339987,0.26810503,0.21589759,0.24631463,0.280409217,0.23085396,0.196169227,0.230781063,0.240830034,0.22278519,0.186204508,0.187846273,0.315399289,0.333270103,0.444367975,0.414599508,0.330740392,0.275727212,0.200856179,0.252176613,0.276713341,0.226993531,0.193187669,0.226953596,0.22280702,0.214308769,0.201951548,0.17970328,0.300892383,0.318681359,0.438187718,0.417439252,0.336067885,0.278788745,0.182762578,0.256498724,0.270540535,0.219997928,0.179599434,0.217106119,0.209227979,0.212546214,0.214680329,0.191845447,0.303270519,0.310301095,0.414546758,0.410266221,0.334869653,0.281970114,0.189047605,0.263065636,0.265988261,0.216077372,0.175596982,0.202143386,0.206135601,0.231073663,0.244957402,0.21032396,0.304995537,0.300718457,0.395480186,0.382912546,0.321622401,0.299223483,0.220592663,0.272323489,0.271459132,0.224198759,0.18900381,0.234037891,0.22375609,0.24516955,0.276671946,0.221821949,0.300390571,0.291957557,0.387446821,0.38317734,0.322650969,0.303409904,0.215036809,0.284493625,0.275751382,0.235200778,0.208952054,0.274488807,0.251262128,0.240563199,0.264737785,0.230113417,0.290240437,0.283741593,0.369362801,0.378197342,0.325552404,0.294541329,0.220483005,0.28943035,0.272616714,0.24306722,0.227935225,0.296899319,0.262509048,0.230214551,0.252039403,0.233660921,0.276908189,0.273135543,0.365362585,0.387731999,0.339652628,0.315427095,0.240226671,19
2021-09-27,0.49179396,0.295007825,0.188569576,0.170965061,0.182202116,0.218149796,0.225601748,0.244898245,0.21977891,0.400763065,0.511255682,0.40313071,0.394550443,0.26952073,0.205693156,0.173431575,0.411845088,0.286158323,0.192081437,0.175805643,0.192667738,0.226806998,0.230234504,0.272132903,0.265310645,0.439403921,0.496059835,0.379689008,0.386892319,0.277486593,0.222885698,0.206154734,0.351833075,0.263886362,0.178063467,0.179726496,0.207775712,0.24387762,0.252215356,0.268384218,0.279927582,0.417480409,0.454742849,0.368510246,0.394158036,0.299192637,0.235778585,0.219660446,0.316551596,0.25552997,0.177996367,0.186644092,0.20642902,0.236716196,0.26095587,0.245681122,0.259242862,0.373494357,0.415515125,0.364749581,0.394064218,0.307957679,0.239446849,0.216417477,0.286785424,0.257571101,0.185820594,0.190941438,0.209125429,0.227856159,0.25733611,0.234448075,0.256640315,0.369297236,0.401092589,0.347411603,0.409541577,0.33215791,0.249066532,0.186231241,0.273712814,0.277558565,0.202001661,0.194149464,0.216911003,0.217337787,0.239100963,0.219499782,0.249474898,0.354824185,0.369399101,0.314574212,0.41629231,0.312624395,0.215106085,0.139772788,0.26237452,0.294756681,0.212138727,0.193870723,0.22063148,0.203074098,0.227052376,0.204324439,0.238110438,0.331967086,0.334202528,0.28833133,0.406688929,0.293515176,0.190497264,0.103049427,0.2432639,0.296675861,0.203134701,0.180960357,0.214856997,0.177150637,0.205239356,0.196533784,0.232569486,0.307268888,0.303568006,0.26514715,0.364208996,0.268107235,0.178658172,0.090497464,0.212468907,0.297375858,0.190515772,0.152713329,0.209740579,0.178293929,0.190983355,0.159750938,0.217608854,0.285742879,0.280815482,0.260662585,0.33395046,0.247438923,0.164143264,0.086792737,0.192248076,0.304458171,0.201536238,0.174433038,0.223470688,0.178041592,0.197256684,0.180480704,0.218717292,0.284102887,0.281588733,0.286559552,0.331581444,0.244632453,0.188364014,0.100671463,0.178230584,0.313083887,0.217493668,0.190197334,0.237136811,0.17997542,0.200462729,0.189973012,0.227687865,0.290660232,0.292407244,0.300192028,0.334987193,0.244607583,0.190457001,0.114604264,0.171265408,0.328812629,0.234139636,0.197617278,0.258268923,0.19427149,0.204285935,0.170211181,0.212679833,0.293588489,0.305083901,0.314663053,0.359577,0.257865667,0.185209677,0.104462288,0.178866446,0.359634906,0.258782804,0.200667784,0.25744608,0.198694348,0.213268638,0.161351398,0.198059097,0.293343782,0.314283818,0.31821537,0.355281621,0.258283496,0.176824555,0.090431817,0.175856277,0.371028394,0.267425656,0.207988277,0.272101641,0.200744018,0.212007388,0.151564091,0.186193466,0.292466849,0.327665329,0.323423535,0.351188868,0.264291972,0.183825225,0.095096894,0.165440813,0.378701985,0.275805324,0.217919946,0.280464113,0.193319961,0.205050156,0.152363941,0.190202683,0.293713301,0.337477684,0.330311179,0.345128328,0.263361692,0.195570171,0.102601573,0.153440744,0.381988108,0.28657946,0.227294862,0.286400765,0.196123347,0.203195319,0.163017154,0.199221328,0.295731753,0.343149692,0.335056037,0.340346754,0.260412842,0.19829528,0.101834379,20
2021-10-11,0.318879247,0.153796911,0.142867059,0.222542942,0.104968257,0.212611899,0.419892073,0.544291735,0.194048196,0.239294499,0.461713254,0.515594661,0.494800687,0.310782015,0.241564244,0.389632702,0.297501415,0.128981382,0.167411655,0.271413147,0.122166842,0.196194008,0.335828573,0.416849673,0.228319913,0.267693281,0.440403819,0.489665776,0.460478902,0.292981386,0.202629104,0.326067448,0.268283814,0.115191698,0.189680934,0.31909737,0.129109293,0.178057134,0.265362024,0.346161604,0.214283675,0.251043767,0.402097464,0.465319097,0.37956515,0.235933945,0.210790932,0.296889633,0.22812666,0.108833328,0.199983969,0.353477478,0.125114277,0.182761654,0.270639896,0.311145425,0.16971612,0.229185507,0.38435626,0.469072014,0.354354024,0.256418109,0.234470978,0.28903386,0.185760692,0.099914446,0.201966688,0.360036075,0.107701212,0.160890251,0.232582673,0.218236282,0.102057889,0.210767001,0.384019256,0.469179988,0.344464809,0.269990772,0.214601576,0.214354217,0.167927071,0.088888228,0.198106259,0.352924317,0.097081818,0.136576757,0.177933753,0.148121059,0.077767707,0.197189003,0.375259012,0.450412333,0.306804299,0.219703376,0.162180632,0.133266792,0.161539987,0.086757205,0.202272281,0.358282328,0.098621488,0.131722197,0.153750703,0.12021862,0.076666445,0.189315602,0.371580631,0.446015567,0.30403477,0.201006413,0.133473933,0.103033632,0.159826353,0.08898446,0.214064062,0.381483287,0.108110368,0.133371055,0.151862472,0.138877273,0.105041973,0.189474687,0.362087131,0.429952562,0.296527445,0.190574244,0.143884987,0.148461744,0.162655011,0.089647621,0.224507093,0.408063143,0.119697794,0.137628362,0.160291284,0.141966969,0.09777835,0.175991833,0.349564433,0.411166698,0.292804003,0.182682991,0.134192884,0.122507609,0.17487973,0.096048534,0.243488654,0.453460634,0.140544549,0.159217969,0.185168788,0.147978812,0.108394392,0.180884615,0.350929171,0.398015112,0.295634091,0.20259279,0.141727969,0.111502677,0.193469256,0.107648142,0.277192384,0.522578955,0.156917334,0.174155504,0.204127625,0.154824287,0.123377837,0.184051812,0.361130387,0.394385338,0.303365082,0.22861743,0.156371415,0.11572545,0.215373009,0.122418471,0.314860553,0.596990466,0.166029155,0.177427113,0.21247524,0.140948325,0.108009659,0.177232951,0.376440167,0.414805472,0.330071598,0.249156609,0.158044949,0.110410064,0.22271575,0.12764281,0.313579261,0.590421021,0.167338282,0.183614969,0.219589531,0.11453227,0.089710817,0.170283899,0.380441487,0.428667396,0.345272481,0.245163366,0.133465514,0.087297715,0.232116044,0.126717865,0.304724932,0.580687582,0.177148357,0.188146353,0.210389048,0.101184785,0.069763355,0.162196472,0.375752091,0.430958867,0.352600783,0.226298124,0.108678304,0.068286613,0.246610403,0.128250301,0.308782458,0.598272204,0.190742329,0.183683053,0.179465413,0.113283925,0.077553816,0.163256153,0.369305134,0.423787922,0.329995751,0.197279215,0.112016372,0.073862873,0.261923641,0.134822562,0.325761348,0.638507485,0.209786117,0.204689249,0.203750849,0.138202921,0.103796035,0.170685664,0.365569144,0.413929194,0.312535018,0.20466958,0.136901289,0.096073762,21
2021-10-25,0.197675303,0.170660138,0.233551145,0.242141113,0.235599071,0.238585949,0.219137847,0.193182677,0.175203115,0.328372657,0.43295905,0.529893517,0.320803761,0.195390761,0.199825808,0.237085059,0.209174201,0.149800822,0.201164559,0.211675018,0.224137783,0.280831218,0.312069803,0.226796031,0.174762264,0.324026376,0.442211598,0.515630543,0.288204223,0.203818724,0.225876346,0.236452088,0.205327094,0.141383544,0.185452327,0.198049381,0.214134276,0.285809606,0.324800223,0.232209578,0.168747738,0.328609228,0.456386924,0.513418436,0.273724586,0.207440838,0.244187266,0.260329127,0.201666534,0.134442136,0.183193177,0.197362497,0.208327249,0.282189488,0.306129545,0.204870477,0.146231458,0.325986981,0.461370111,0.521478474,0.285955369,0.210021511,0.233006865,0.272297442,0.196926996,0.130418494,0.178038687,0.180159748,0.175848216,0.243271843,0.283702672,0.202039108,0.136536315,0.323865831,0.470276862,0.547072589,0.290117949,0.204480574,0.227842703,0.297555745,0.184639573,0.132478237,0.178462386,0.174400344,0.144881219,0.194027171,0.261771053,0.220847696,0.141453192,0.322268069,0.475981206,0.571201324,0.30778262,0.21304743,0.241187662,0.315646023,0.179084897,0.152359679,0.195642307,0.176880196,0.130455419,0.166865796,0.237784788,0.23997131,0.152309567,0.336521029,0.481176794,0.565148592,0.311301142,0.221903011,0.252069414,0.312882811,0.178056151,0.173845321,0.222487599,0.178722963,0.136539802,0.188957438,0.236687675,0.235663056,0.171943352,0.352917492,0.470540196,0.532635093,0.307788432,0.221680924,0.22676456,0.26477316,0.160093203,0.173165947,0.215327352,0.172187284,0.14687714,0.18332915,0.208959922,0.196752667,0.180663779,0.364417315,0.462697208,0.503943682,0.282899112,0.195414484,0.182069167,0.20852007,0.141614571,0.157544285,0.198106945,0.179274291,0.161655724,0.174441889,0.194884822,0.198679388,0.192773163,0.373298943,0.443600416,0.461122245,0.246568561,0.178233579,0.168873295,0.191116422,0.131466731,0.151133031,0.185165763,0.175157636,0.161872879,0.167156875,0.200298309,0.250246584,0.221890852,0.37095046,0.422041506,0.435381621,0.230884209,0.175874799,0.190163434,0.197221637,0.132316679,0.155512989,0.192011207,0.187881649,0.176654726,0.1826929,0.232211992,0.299856186,0.237633258,0.361245066,0.401947558,0.428102821,0.241717264,0.183768272,0.208501831,0.222351089,0.138715789,0.177526385,0.210966811,0.187004834,0.172031775,0.197711408,0.259752005,0.327067405,0.237562314,0.34517473,0.383657128,0.424723774,0.245641246,0.192356721,0.22597973,0.266213536,0.14347975,0.174222469,0.195933595,0.17928502,0.174037009,0.218135938,0.254761606,0.291522473,0.244102165,0.340499967,0.36999473,0.420538813,0.233354419,0.196277544,0.224602789,0.266864151,0.139413133,0.169102967,0.174950197,0.169824094,0.189683244,0.227037922,0.231407225,0.236599982,0.229000434,0.341454118,0.372466922,0.427731514,0.222166568,0.185446158,0.207434952,0.253797621,0.128877863,0.168391377,0.168388873,0.165482149,0.190018252,0.186431572,0.199189439,0.240074471,0.213649005,0.323040068,0.374557227,0.432150185,0.208626434,0.180432498,0.217266575,0.234275818,22
2021-11-08,0.118710488,0.109751366,0.149412662,0.15335761,0.208414167,0.163958579,0.110896476,0.166080415,0.204566538,0.325342923,0.342039496,0.434986025,0.362096846,0.205488965,0.225699127,0.338616192,0.109630294,0.145964593,0.221921831,0.232986346,0.242382765,0.29123649,0.28798753,0.280383557,0.196801603,0.291017622,0.311633974,0.484027088,0.489740819,0.375284165,0.32113868,0.355438739,0.090392746,0.141828075,0.206581131,0.236799613,0.243608236,0.361185044,0.384561062,0.354606152,0.21910128,0.291241854,0.275617868,0.448895007,0.515607655,0.441177756,0.410006911,0.373411477,0.072421879,0.094318278,0.122905426,0.162812695,0.180158794,0.300254881,0.331558675,0.293135136,0.233046442,0.323214263,0.250055432,0.341910571,0.43151319,0.335672408,0.325092196,0.338522702,0.070874333,0.077689491,0.093443394,0.132531017,0.147847071,0.160496637,0.16270335,0.185716644,0.178727627,0.332699299,0.25636521,0.286099762,0.299846679,0.177596748,0.20029439,0.291092187,0.054448649,0.069453865,0.080988675,0.108134814,0.126687288,0.12771742,0.113967173,0.15584065,0.163547277,0.299065709,0.198894307,0.216133639,0.268284231,0.14736487,0.159360737,0.223973319,0.047253761,0.076563731,0.082086839,0.108599357,0.136151418,0.137377128,0.110384248,0.133894861,0.198936895,0.28549692,0.172435477,0.224472716,0.341405004,0.199808404,0.128389522,0.138332948,0.049039539,0.088368252,0.095671035,0.123834588,0.178643584,0.194803581,0.142910182,0.105997473,0.160326362,0.252335936,0.165403023,0.293033868,0.461535931,0.29064849,0.09206894,0.057839751,0.047110584,0.095200591,0.100325562,0.118390828,0.213870332,0.250408411,0.227414742,0.204318374,0.103662662,0.193106398,0.172923863,0.354980767,0.46068421,0.390340835,0.206685245,0.09226957,0.041660447,0.096381143,0.112746976,0.120783478,0.170889586,0.335123748,0.286379099,0.177736565,0.198462874,0.272298455,0.208323672,0.310979009,0.357819438,0.309420317,0.217825115,0.180815771,0.038613338,0.103746749,0.117019542,0.120940335,0.131185651,0.299329191,0.263777763,0.136625275,0.199435338,0.302835047,0.22134243,0.261794925,0.294580728,0.256448805,0.194640443,0.178643465,0.05334961,0.112999432,0.121269748,0.126263648,0.131064668,0.177480981,0.15454036,0.133011788,0.141607344,0.241180435,0.188536972,0.239133596,0.282264501,0.228926957,0.159163207,0.136361688,0.070998602,0.112829335,0.125808626,0.1477018,0.14999944,0.173893481,0.146969244,0.179279521,0.191782668,0.220990196,0.164306492,0.24961029,0.313523084,0.252958834,0.186634153,0.159637883,0.073792703,0.112495251,0.123029187,0.146275505,0.174689889,0.19853206,0.15286161,0.167300865,0.141394466,0.178823963,0.156918943,0.266788572,0.309634566,0.260333806,0.198564306,0.162499443,0.061372258,0.110958129,0.111923449,0.120111257,0.176430166,0.206285909,0.156833187,0.096357867,0.105923869,0.167134464,0.155299529,0.241496176,0.268733621,0.236915767,0.164054438,0.121032022,0.052129015,0.105298571,0.093571283,0.076845475,0.164243072,0.194925874,0.136125386,0.097922131,0.154197022,0.189319745,0.150946185,0.204446882,0.229514614,0.207134783,0.152428612,0.107264444,23
2021-11-22,0.165871218,0.100469194,0.108222395,0.169946268,0.089684337,0.041932601,0.079670608,0.188082024,0.223173976,0.17064327,0.464328527,0.530991256,0.272197694,0.129275426,0.103019558,0.153490856,0.183982849,0.105608702,0.105478995,0.17756331,0.091516145,0.045706633,0.079702266,0.180117413,0.209292129,0.160500675,0.39371419,0.471132636,0.248958126,0.126294315,0.103300743,0.122465432,0.234424159,0.128928944,0.106833518,0.182206094,0.101901948,0.073947974,0.101109765,0.143326715,0.168362334,0.155701652,0.38721469,0.483566552,0.269840091,0.136980936,0.077884875,0.082904629,0.301271409,0.159993902,0.109211035,0.180297494,0.103558481,0.087221004,0.120683342,0.136273488,0.142383903,0.170950666,0.439353019,0.5285936,0.28203252,0.144924998,0.077196918,0.079520285,0.359061718,0.179374456,0.103028983,0.17389746,0.105148435,0.086677007,0.116373159,0.135611624,0.148957953,0.199144125,0.519697487,0.596156478,0.3069731,0.153449878,0.09044119,0.090667181,0.36677289,0.180036128,0.09080755,0.148589477,0.100919895,0.081871949,0.095889725,0.118430577,0.140586868,0.216423035,0.580741942,0.640576541,0.329880148,0.172516286,0.102937371,0.079516001,0.353258461,0.178393945,0.084673487,0.12602891,0.103820272,0.081875063,0.079495698,0.102416515,0.141241193,0.239407197,0.595261991,0.622131169,0.33743605,0.186119244,0.107843451,0.086378135,0.323491216,0.182016656,0.084035486,0.109872103,0.116453111,0.089312501,0.070185043,0.083032407,0.145514384,0.266079992,0.601236999,0.590716422,0.345184922,0.191067055,0.102508098,0.089597516,0.302243978,0.182911739,0.083066411,0.102921933,0.131553784,0.105113886,0.078048475,0.081549533,0.151017293,0.262109041,0.560332596,0.563716352,0.359366536,0.226279199,0.127504081,0.108555891,0.285290033,0.192845404,0.084442854,0.098298155,0.149315864,0.109725207,0.084218524,0.094358362,0.14490445,0.259619147,0.54476732,0.555839837,0.359911829,0.251214415,0.159479409,0.129155144,0.255817652,0.148448199,0.070023321,0.096263357,0.160376161,0.11177963,0.088027097,0.111509323,0.138997868,0.254862666,0.544656157,0.559915185,0.361418009,0.256491095,0.175704122,0.151046306,0.211602286,0.111409873,0.060578108,0.093725659,0.160826728,0.116423607,0.099368729,0.13184002,0.13528876,0.24825795,0.543906987,0.564474404,0.367418766,0.251062483,0.176865816,0.179520309,0.169258371,0.095802568,0.058095142,0.085103102,0.14201127,0.123382993,0.12609826,0.165841892,0.168644294,0.250212908,0.508761406,0.538425505,0.354056478,0.257783264,0.191533267,0.188682184,0.13907437,0.090903409,0.055543568,0.069839604,0.116889052,0.125934511,0.160095379,0.216231301,0.214540228,0.31944412,0.524691284,0.51395601,0.345274359,0.281647056,0.227139294,0.184919342,0.123461835,0.096670814,0.058995303,0.061315764,0.094849102,0.130421892,0.210659727,0.286397338,0.229141787,0.334705472,0.51670903,0.504273236,0.343048573,0.328845114,0.293270379,0.176608503,0.118980259,0.108760245,0.067685038,0.06231131,0.088246852,0.149435669,0.262980223,0.324469715,0.205818474,0.290848792,0.490535259,0.519299507,0.348035544,0.373906285,0.354126722,0.158705875,24
2021-12-06,0.22949785,0.071419455,0.138365224,0.080926046,0.099571012,0.167885661,0.029684035,0.001103946,0.016559185,0.070826262,0.092732757,0.079664923,0.14678809,0.147327766,0.001450899,0,0.19794108,0.100402534,0.179949343,0.086291574,0.058478344,0.094035216,0.009501684,0.022623828,0.045474797,0.060996186,0.096943088,0.0971637,0.114130206,0.090190314,0.035362389,0.033915382,0.169981301,0.13436611,0.21720773,0.087226868,0.064758696,0.102020629,0.009566148,0.053917047,0.141610488,0.122194298,0.141842231,0.096656986,0.085313477,0.079475768,0.062034789,0.08272665,0.150624946,0.162014961,0.254199833,0.092793874,0.123068191,0.193556413,0.010906801,0.060912479,0.122787893,0.140009269,0.217296198,0.123273082,0.078665711,0.091785215,0.075563349,0.119400978,0.126308426,0.176868245,0.284707636,0.102005184,0.163421258,0.256953388,0.01139038,0.061200868,0.082613342,0.227511868,0.384324461,0.213681579,0.078759529,0.08297509,0.129734084,0.247108892,0.103711791,0.22276853,0.339619428,0.11006669,0.190988615,0.323993713,0.053844731,0.049345955,0.058991451,0.157814577,0.287253588,0.159753323,0.079272978,0.10023237,0.157542631,0.32598418,0.095352679,0.245284557,0.345024079,0.102849267,0.187627137,0.427734822,0.164629444,0.014150691,0.005279088,0.124797344,0.209625766,0.088338546,0.127883598,0.19781357,0.141580045,0.345371962,0.103754848,0.249851599,0.280617803,0.074051589,0.058227912,0.378596753,0.336230159,0.019818291,0.001511011,0.135826603,0.208862826,0.075905718,0.15508765,0.253154606,0.180870295,0.380259275,0.228102863,0.261090279,0.227355853,0.093460709,0.127721474,0.532749653,0.669111013,0.061939161,0.005457822,0.085454695,0.16692929,0.090978451,0.148831084,0.322208643,0.382065177,0.57623589,0.222232983,0.230148628,0.122390844,0.079308949,0.156988844,0.48515752,0.578648269,0.187753439,0.017559299,0.040684648,0.162769914,0.093479276,0.063012414,0.258759499,0.441169828,0.505772114,0.181693256,0.214608625,0.129168764,0.034267891,0.095784694,0.354970604,0.42100206,0.176009178,0.016711267,0.029378736,0.150243416,0.106786668,0.024357384,0.15565069,0.311615914,0.30155465,0.119684078,0.225662708,0.174752817,0.009265419,0.027512215,0.140780494,0.197999105,0.117593236,0.009132423,0.02502433,0.141545236,0.151089773,0.043686893,0.07435102,0.129745841,0.052150648,0.082087427,0.093748875,0.056461036,0.007008841,0.01772234,0.120053343,0.171272442,0.119063742,0.00891899,0.022677153,0.128527448,0.165713415,0.046035279,0.069411084,0.117788948,0.013023432,0.075612389,0.062203914,0.026706085,0.002390343,0.004705809,0.073162973,0.119571604,0.126562521,0.010279912,0.024106765,0.09243051,0.110653602,0.023658244,0.044505727,0.118764542,0.032915857,0.079853199,0.049277782,0.015729658,0.002972845,0.003703841,0.039307702,0.073548444,0.103679001,0.008405783,0.025946731,0.064600654,0.083490252,0.027080774,0.036775526,0.099306978,0.029215699,0.082235128,0.038752686,0.008492655,0.007754918,0.009852242,0.015208562,0.032624219,0.082673475,0.005511565,0.025190517,0.060206726,0.079773165,0.019630698,0.032174505,0.082366653,0.001236712,25
2021-12-20,0.185886651,0.209494144,0.202263609,0.215770185,0.200734079,0.213886634,0.246129587,0.231554881,0.212321296,0.15840885,0.269627303,0.364573658,0.440051317,0.390393972,0.310390472,0.277065009,0.153133959,0.182672396,0.154333219,0.149988845,0.167387426,0.181661353,0.217986092,0.221282765,0.188530535,0.174011096,0.267825365,0.363828719,0.432495296,0.337563157,0.255013585,0.2072725,0.146813378,0.173008665,0.133356869,0.121240623,0.152852237,0.152156383,0.188317791,0.221393645,0.181725845,0.162275285,0.262593508,0.386945933,0.46631223,0.348262757,0.252518594,0.193725571,0.158930033,0.175691783,0.128840849,0.116045095,0.152188763,0.151844382,0.188330144,0.212977663,0.172625661,0.138147473,0.237553686,0.403445691,0.493655026,0.36988163,0.269439369,0.189562812,0.178413883,0.192729652,0.131052539,0.105865724,0.148900479,0.175275832,0.208147228,0.214857563,0.164347783,0.132873788,0.247588634,0.43447575,0.484642148,0.348417431,0.253811598,0.194037229,0.190928996,0.197321221,0.128261492,0.106895395,0.142117098,0.161290646,0.16212967,0.155495837,0.132828176,0.11159078,0.245871082,0.429464102,0.434275508,0.321044326,0.22701396,0.152193934,0.202918306,0.19163309,0.122903362,0.111466236,0.129019156,0.130329594,0.128986314,0.118721254,0.103109583,0.094179146,0.229038045,0.385019988,0.351064414,0.262920141,0.197195277,0.111902602,0.206692189,0.176248908,0.113138422,0.115841329,0.127901152,0.12024948,0.129087657,0.119531639,0.100306019,0.096897833,0.240428239,0.383307636,0.331770569,0.232193723,0.178603828,0.119079746,0.218642592,0.163107887,0.097268991,0.105157405,0.129905909,0.145483106,0.159636915,0.132937655,0.101077668,0.105292641,0.244330809,0.380561978,0.357155442,0.256257325,0.188436285,0.118581399,0.226711661,0.159255639,0.096736155,0.106088072,0.120301537,0.146283403,0.163817659,0.121802993,0.094545834,0.104943343,0.249159917,0.389140844,0.352294981,0.252176881,0.174706146,0.094292298,0.225465745,0.154449582,0.10251449,0.114174187,0.112341732,0.138691247,0.160457477,0.121869475,0.102579847,0.112508141,0.261028856,0.39861387,0.33032015,0.232117191,0.168781966,0.092687063,0.216701314,0.151164129,0.109249108,0.121695727,0.109685518,0.131248921,0.155689135,0.134411991,0.122933619,0.122580729,0.274851739,0.401962429,0.301246375,0.208116248,0.170395255,0.117789738,0.212833792,0.151348859,0.11212761,0.113954343,0.100502014,0.108648129,0.13342303,0.135361537,0.139384449,0.119611822,0.265983939,0.381739974,0.269414365,0.177693397,0.154665262,0.135492593,0.219467431,0.158837676,0.120245561,0.111210138,0.100899845,0.107831672,0.122565478,0.121929489,0.149538919,0.129328698,0.264441997,0.360112518,0.255003929,0.172329247,0.152125746,0.141895905,0.24066335,0.173976779,0.130901083,0.120570481,0.110582896,0.116044432,0.124636047,0.126442567,0.154110029,0.136156783,0.268729568,0.359961718,0.248074949,0.167058736,0.158000395,0.158013701,0.272162974,0.189792544,0.139376551,0.136452004,0.125582963,0.139424443,0.16147007,0.146073371,0.153471857,0.140464112,0.283043027,0.385685474,0.266568571,0.183623627,0.163310543,0.179536834,26
